statistic,value
mean,131.1236111111111
std,26.423106974107135
min,98.56
max,178.38
median,118.245
observations,108.0
