model,RMSE,MAE,MAPE
Holt-Winters,8.8704386332812,7.002701943436396,4.0534796678679506
"SARIMA(1,1,1)(0,1,1,12)",2.9287902572530906,2.20812786408478,1.2808265750805155
