metric,value
AIC,165.8053498135683
BIC,173.9775548849065
Ljung-Box(12) statistic,29.243968755841497
Ljung-Box(12) p-value,0.003624177813174161
Normality statistic,102.72073299655825
Normality p-value,4.948530385018059e-23
