metric,value
AIC,165.8053498135683
BIC,173.9775548849065
Ljung-Box(12) statistic,0.36902111788095915
Ljung-Box(12) p-value,0.9999999532022886
Normality statistic,149.22118010261704
Normality p-value,3.9539616177062014e-33
